<modification>
	<id>Manufacturer</id>
	<version>1.0.0</version>
	<vqmver>2.3.0</vqmver>
	<author>TM</author>
	<file name="catalog/controller/product/manufacturer.php">
		<operation error="skip">
			<search position="replace"><![CDATA[  'description' => utf8_substr(strip_tags(html_entity_decode($result['description'], ENT_QUOTES, 'UTF-8')), 0, 100) . '..', ]]></search>
			<add><![CDATA[  'description' => utf8_substr(strip_tags(html_entity_decode($result['description'], ENT_QUOTES, 'UTF-8')), 0, 300) . '..',   ]]></add>
		</operation>
		
	</file>
</modification>