<modification>
	<id>Category images</id>
	<version>1.0.0</version>
	<vqmver>2.3.0</vqmver>
	<author>TM</author>
	<file name="catalog/controller/product/category.php">
		<operation error="skip">
			<search position="after"><![CDATA[  'href'  => $this->url->link('product/category', 'path=' . $this->request->get['path'] . '_' . $result['category_id'] . $url)]]></search>
			<add><![CDATA[,'thumb' => $image]]></add>
		</operation>
		<operation error="skip">
			<search position="before"><![CDATA[  $this->data['categories'][] = array(]]></search>
			<add><![CDATA[  $image = $this->model_tool_image->resize($result['image'], $this->config->get('config_image_category_width'), $this->config->get('config_image_category_height'));   ]]></add>
		</operation>
		<operation error="skip">
			<search position="replace"><![CDATA[  'description' => utf8_substr(strip_tags(html_entity_decode($result['description'], ENT_QUOTES, 'UTF-8')), 0, 100) . '..', ]]></search>
			<add><![CDATA[  'description' => utf8_substr(strip_tags(html_entity_decode($result['description'], ENT_QUOTES, 'UTF-8')), 0, 300) . '..',   ]]></add>
		</operation>
		
	</file>
</modification>